Label,Smoothness,Average Amplitude,Irregularities,Peak Count,Trough Count,Zero Crossings,Wave Energy,Signal Entropy,Skewness,Kurtosis,Dominant Frequency,Image
Parkinsonian,0.05965798084621888,0.07276054727423813,255,0,0,1,1150.181540917447,2.2843741474284043,-0.0615894116938205,-0.9476281076489463,1,Parkinsoniansynth501
Parkinsonian,0.054886385182733345,0.04924170166878962,254,0,0,1,1358.657358909981,2.2864618326721096,0.08900773534026435,-1.186087288046779,1,Parkinsoniansynth502
Parkinsonian,0.04806579705740136,0.07292555242549882,248,0,0,1,1571.7200581059801,2.2836761626937814,-0.10738153989970518,-1.0852039221634906,1,Parkinsoniansynth503
Parkinsonian,0.06252848371500874,0.06848782175627717,252,0,0,1,1452.1050062090437,2.2769540233095813,-0.08830262118148344,-1.0149150248209544,1,Parkinsoniansynth504
Parkinsonian,0.06107742528896612,0.07682439640012967,252,0,0,1,1169.9728085678266,2.2862073249335357,-0.10940980569520821,-1.1188834952797686,1,Parkinsoniansynth505
Parkinsonian,0.05624209493602279,0.06588651890003216,254,0,0,1,1590.3112771438693,2.280931152407851,0.05716658018478902,-1.2094247912056422,1,Parkinsoniansynth507
Parkinsonian,0.0198223519133881,0.0721955145779177,255,0,0,1,2297.8959668107073,2.2504305380671497,-0.3139312567156253,-0.9808402166871493,1,Parkinsoniansynth510
Parkinsonian,0.0646410610725191,0.05973558926151043,254,0,0,1,1377.5420572331882,2.2634732972157168,0.0231362384909774,-1.0866262425322901,1,Parkinsoniansynth512
Parkinsonian,0.05146209335755398,0.02201878284136702,253,0,0,1,3388.039997980476,2.258102198734883,0.12608132245152867,-1.0439959766299511,1,Parkinsoniansynth514
Parkinsonian,0.06546435451480816,0.08325480994233976,254,0,0,1,1159.121209393485,2.281920125147893,-0.08457914398704128,-1.0526479173282688,1,Parkinsoniansynth515
Parkinsonian,0.062360618064652346,0.07075189568126342,253,0,0,1,1207.8203781747488,2.284185388407188,0.15107604910767236,-1.1519162177878963,1,Parkinsoniansynth516
Parkinsonian,0.05130825370698669,0.06292387865642893,255,0,0,1,2202.0830344238943,2.265385620663738,-0.023726022362414452,-1.0684114216218854,1,Parkinsoniansynth517
Parkinsonian,0.051002416268855544,0.03552112275104952,253,0,0,1,1353.1344670813771,2.2928276714846865,0.08281040992576358,-1.1999407500617902,1,Parkinsoniansynth518
Parkinsonian,0.04912789908529917,0.05553713838889364,254,0,0,1,1553.7218307406486,2.294538529258619,0.044576613813121134,-1.3002230395729584,1,Parkinsoniansynth519
Parkinsonian,0.05636347063652543,0.07167606285193713,255,0,0,1,1664.2920889875893,2.271167335690593,-0.2693473477893674,-0.8359328582830594,1,Parkinsoniansynth520
Parkinsonian,0.0198223519133881,0.0202316724849254,254,0,0,1,3487.158678288365,2.267642343399569,-0.08694381816030791,-1.1449056408843072,1,Parkinsoniansynth523
Parkinsonian,0.06017857168337454,0.05391395050691568,255,0,0,1,1990.2875031953677,2.24911900230357,0.40471049304289675,-0.9505116776638451,1,Parkinsoniansynth524
Parkinsonian,0.057152669302228246,0.06098241358456658,252,0,0,1,1418.0241411978725,2.2720727974323105,0.06215538747686038,-0.8359328582830594,1,Parkinsoniansynth526
Parkinsonian,0.051133578910050936,0.05340611216355174,254,0,0,1,1210.2643650191621,2.292946003497294,0.14526897725816112,-0.9960911907226919,1,Parkinsoniansynth527
Parkinsonian,0.04501245188351612,0.04866318906068065,255,0,0,1,2923.123324411386,2.281249265522944,0.10957762155864385,-1.2131849698005948,1,Parkinsoniansynth531
Parkinsonian,0.030207481525158928,0.04914532902284573,254,0,0,1,1668.7249632065202,2.270777395803194,0.0482106003669306,-1.0694164529350578,1,Parkinsoniansynth534
Parkinsonian,0.04638544532651145,0.045761326944786025,254,0,0,1,2757.8061458939414,2.279090418787272,-0.02067311835616472,-0.9089133845297177,1,Parkinsoniansynth535
Parkinsonian,0.05255969509035371,0.05792114609746545,253,0,0,1,1343.6763708055328,2.286852465181082,0.052675425602180075,-1.1421607854243188,1,Parkinsoniansynth538
Parkinsonian,0.06923678573543776,0.05405959396113096,255,0,0,1,2297.4310097510274,2.265711629710108,-0.08475062827722284,-0.9657303668882133,1,Parkinsoniansynth539
Parkinsonian,0.06623612434129998,0.07019773095427785,255,0,0,1,1229.5904852995989,2.279326279364164,-0.005620657706624907,-1.0636632791332008,1,Parkinsoniansynth542
Parkinsonian,0.05081195733017285,0.06056681493328596,254,0,0,1,1451.5511029688696,2.2827327852942445,0.21116938424830195,-1.0494948911802582,1,Parkinsoniansynth543
Parkinsonian,0.057895224199233146,0.0606871400651039,253,0,0,1,1380.9893405477774,2.279461189040255,-0.039218114350698975,-1.1105169663729735,1,Parkinsoniansynth544
Parkinsonian,0.043134803830088414,0.05201795360503682,255,0,0,1,1696.7216444941678,2.288737198674458,0.08374725362298076,-1.1121529184749435,1,Parkinsoniansynth545
Parkinsonian,0.05928092565478772,0.06395803480973766,255,0,0,1,1690.1944299201084,2.2620689605916486,-0.22473192334059056,-1.0254062363914886,1,Parkinsoniansynth546
Parkinsonian,0.05575211281037669,0.053084218583753166,253,0,0,1,1368.1464047592717,2.2884694717966307,0.06693216316478635,-1.1856920259918882,1,Parkinsoniansynth547
Parkinsonian,0.06331434864830662,0.06150259225101634,255,0,0,1,1541.0129553121212,2.270533239867285,0.1852502168179942,-0.8796295529721518,1,Parkinsoniansynth548
Parkinsonian,0.06647465253571458,0.0837730870712401,250,0,0,1,1219.5986330751193,2.24911900230357,-0.015262210422747531,-0.8532850120139268,1,Parkinsoniansynth549
Parkinsonian,0.0198223519133881,0.0202316724849254,255,0,0,1,2445.466432570299,2.287228271190586,0.1846257966183833,-1.1919904137479194,1,Parkinsoniansynth550
Parkinsonian,0.059747983571051516,0.06236741173276519,254,0,0,1,1218.3481170862408,2.2811025512591034,0.19888735285231263,-1.1109502487048775,1,Parkinsoniansynth551
Parkinsonian,0.057756782285586894,0.06352745156018036,254,0,0,1,1415.340105128508,2.2507948434300884,-0.01807203848752753,-0.9436204054834416,1,Parkinsoniansynth552
Parkinsonian,0.04077719533290979,0.034809721254040665,255,0,0,1,2240.0068677771746,2.2661994186054226,0.05327135764325488,-1.014255080286888,1,Parkinsoniansynth553
Parkinsonian,0.05868670537805814,0.06512848383661254,252,0,0,1,1418.2695352244264,2.2887866391158096,0.036246344301688875,-0.9488934003467039,1,Parkinsoniansynth554
Parkinsonian,0.06606567522790893,0.06264262558048887,254,0,0,1,1513.6174321237115,2.286944965927838,0.01864429246393482,-1.184173059660567,1,Parkinsoniansynth555
Parkinsonian,0.051899677998027374,0.058320724306710675,254,0,0,1,2082.326604189599,2.2937162745842494,0.40806445838759703,-1.1871706922637772,1,Parkinsoniansynth557
Parkinsonian,0.04723652870664424,0.0202316724849254,254,0,0,1,1299.3615598368804,2.2859068363872272,0.2761532230447373,-1.098297523653884,1,Parkinsoniansynth560
Parkinsonian,0.06363583436725714,0.03457328067045426,254,0,0,1,1555.6112929224719,2.2829196667140836,-0.0709560311751975,-1.0244747926563798,1,Parkinsoniansynth561
Parkinsonian,0.0503709941244269,0.04491234221430897,254,0,0,1,3519.630422222045,2.2607968964202803,0.019429439049273578,-1.179918374261602,1,Parkinsoniansynth562
Parkinsonian,0.046737669177818644,0.043461026177279725,249,0,0,1,1596.3359518750146,2.2890759769447655,-0.028167150106410844,-1.090471932468516,1,Parkinsoniansynth563
Parkinsonian,0.0198223519133881,0.05085630627086375,254,0,0,1,1708.7686956319171,2.2821385755864676,0.0014963569818227174,-1.008446352374742,1,Parkinsoniansynth564
Parkinsonian,0.06022065104506659,0.07365404601446926,252,0,0,1,1527.8594310802428,2.2733076435791175,-0.0919508821950017,-1.1384590868711926,1,Parkinsoniansynth565
Parkinsonian,0.047214837524969175,0.06107308577083547,253,0,0,1,1567.9902843702864,2.286347259612538,0.04503392847392005,-1.0572730690005705,1,Parkinsoniansynth566
Parkinsonian,0.05615737022864691,0.06911044145671101,255,0,0,1,3123.8473513808094,2.2656736137950095,0.024894557016838015,-0.910891209315188,1,Parkinsoniansynth567
Parkinsonian,0.05520503887631408,0.02023945538195971,255,0,0,1,2266.702083274316,2.2614105321326354,0.17935920164652108,-1.1640470830094325,1,Parkinsoniansynth570
Parkinsonian,0.04997669475070637,0.0517466860534693,253,0,0,1,1505.550911505473,2.2828354296776188,0.05081689295294853,-1.14194591538952,1,Parkinsoniansynth572
Parkinsonian,0.03973465338949292,0.04853750564595247,255,0,0,1,1737.0884112220322,2.2592718087900394,-0.039968088174640426,-1.0946265783953921,1,Parkinsoniansynth574
Parkinsonian,0.05812070875381983,0.06924090908370907,253,0,0,1,1359.776810547799,2.284555409567175,-0.16748768629054459,-1.0888291041004468,1,Parkinsoniansynth575
Parkinsonian,0.02451318926003218,0.027298417175948466,255,0,0,1,1994.2422421449266,2.2698523983774295,0.30060557411614414,-0.9311369871231286,1,Parkinsoniansynth577
Parkinsonian,0.06568069514596364,0.07065394611778855,251,0,0,1,1437.1229667575185,2.2896801956705866,-0.045009635058647114,-0.9606441437617812,1,Parkinsoniansynth579
Parkinsonian,0.052418059887595014,0.05582425058825592,255,0,0,1,1736.412799570388,2.26970063784907,-0.19444572367058183,-1.055925388842833,1,Parkinsoniansynth581
Parkinsonian,0.03919974371473689,0.041980791118116444,255,0,0,1,3228.688883903352,2.2570484389067467,-0.08810291347667379,-0.922748858933613,1,Parkinsoniansynth583
Parkinsonian,0.05121340816551723,0.02200792048528715,254,0,0,1,1699.850470351795,2.2909273902182448,0.07638558535934459,-1.1286442955094707,1,Parkinsoniansynth584
Parkinsonian,0.05670152977861884,0.06770071863672442,251,0,0,1,1260.5594344001538,2.2825683590754338,0.13451134092733763,-1.1113454246923968,1,Parkinsoniansynth585
Parkinsonian,0.05679794224119638,0.03100585324256825,253,0,0,1,1254.600939744621,2.268955839317306,0.37644398465482326,-1.1000653198215748,1,Parkinsoniansynth587
Parkinsonian,0.043635895589869744,0.05850379882879475,254,0,0,1,1407.6614507175086,2.2904239659565753,0.13214963837848623,-1.3002230395729584,1,Parkinsoniansynth589
Parkinsonian,0.05085537437087916,0.04958286793839004,253,0,0,1,1214.6041823196488,2.2682316240926856,0.0016618903569764892,-1.0904308533658498,1,Parkinsoniansynth590
Parkinsonian,0.050690642067348114,0.05865364430223968,252,0,0,1,1527.4383588715568,2.280532384112006,-0.08361084745209357,-1.1291217008952,1,Parkinsoniansynth593
Parkinsonian,0.05755970244882977,0.04453475246638016,253,0,0,1,1538.6328991906175,2.2903382822986686,-0.053912923822900034,-1.194791790957157,1,Parkinsoniansynth595
Parkinsonian,0.053359228103585954,0.06623519399124994,252,0,0,1,1299.9392128864731,2.277114351618325,0.02413471373249758,-0.8962520022986669,1,Parkinsoniansynth596
Parkinsonian,0.05817455178935402,0.07902348965891087,254,0,0,1,1197.8466432116932,2.289694853110358,-0.06084634379558446,-1.012767783878293,1,Parkinsoniansynth597
Parkinsonian,0.043710560891611544,0.04833659186669469,254,0,0,1,3519.630422222045,2.2884105001697828,0.014746036276786232,-1.178687652250453,1,Parkinsoniansynth599
Parkinsonian,0.053566999960031864,0.05157921146536444,253,0,0,1,1612.2748628844793,2.266046901027798,0.1041000386783214,-1.1100171796481701,1,Parkinsoniansynth600
Parkinsonian,0.052865646468369415,0.05374549477650367,255,0,0,1,1297.539679768492,2.281880109704911,0.11339427672362477,-1.021676517841612,1,Parkinsoniansynth601
Parkinsonian,0.05482072955351529,0.04754714382611326,254,0,0,1,1303.8439705187602,2.262281833891563,-0.21360269658411296,-1.082122326486076,1,Parkinsoniansynth602
Parkinsonian,0.06292546005677789,0.034925282016025586,254,0,0,1,1432.9529082564259,2.2915027948315903,-0.09027020383510852,-1.0949468602507857,1,Parkinsoniansynth603
Parkinsonian,0.0618037799778739,0.06956236012029916,253,0,0,1,1680.8933706682305,2.267819302754313,-0.04083497195912776,-0.8547195218316088,1,Parkinsoniansynth607
Parkinsonian,0.06687189998010036,0.06606392508827653,251,0,0,1,1381.4795839458507,2.2616702033273417,0.05901870038133511,-0.8359328582830594,1,Parkinsoniansynth608
Parkinsonian,0.05972452111956237,0.08188939490287722,253,0,0,1,1245.833247592046,2.2825332338403928,-0.05647301331206654,-0.9914122263021947,1,Parkinsoniansynth609
Parkinsonian,0.055745910517530306,0.047062912795562954,253,0,0,1,3519.630422222045,2.2868462092270607,0.07172707600862588,-1.2114017814569662,1,Parkinsoniansynth611
Parkinsonian,0.05218347351779534,0.05099433586081316,252,0,0,1,1194.1058387152448,2.2609699353599213,0.1424684856003134,-0.8796084499645976,1,Parkinsoniansynth612
Parkinsonian,0.06208851989828284,0.0628350463936484,254,0,0,1,1258.3044293859828,2.2693573197379657,0.02981545514061489,-0.9683511167416141,1,Parkinsoniansynth615
Parkinsonian,0.02829811620223376,0.07333234740525738,255,0,0,1,2810.819119097661,2.2747284116252007,-0.026573005739769118,-1.0701465441005071,1,Parkinsoniansynth616
Parkinsonian,0.06265630705065267,0.07480209822840167,254,0,0,1,1287.011576880799,2.2605782158948786,-0.07893866647180578,-1.0152250502926947,1,Parkinsoniansynth618
Parkinsonian,0.06323020862592531,0.06595113397851964,253,0,0,1,1742.1762467625476,2.265431061665279,-0.008398035096571416,-1.1679436862138086,1,Parkinsoniansynth619
Parkinsonian,0.04631196004566103,0.04926993632809576,254,0,0,1,1735.9932139464697,2.2716779375272,0.09499564121048032,-1.0117944594319694,1,Parkinsoniansynth620
Parkinsonian,0.05920216248032825,0.05302208643210188,253,0,0,1,1385.4706723937234,2.284999481995068,0.1145639965410759,-1.125425030014989,1,Parkinsoniansynth622
Parkinsonian,0.052349733606561075,0.025184376829837506,253,0,0,1,3519.630422222045,2.2827673957990307,0.011351024145039206,-1.0707034111582934,1,Parkinsoniansynth625
Parkinsonian,0.0198223519133881,0.0202316724849254,255,0,0,1,3519.630422222045,2.293069549369113,-0.01967651130150368,-1.1571764447813924,1,Parkinsoniansynth626
Parkinsonian,0.06940729673137008,0.05100833301348222,253,0,0,1,1225.4727436079233,2.2896624128142498,0.08434073717497297,-1.105968142104343,1,Parkinsoniansynth627
Parkinsonian,0.0198223519133881,0.0202316724849254,255,0,0,1,3450.036510351548,2.2944836308701966,0.08850722426248966,-1.13943793173155,1,Parkinsoniansynth628
Parkinsonian,0.0404132753787952,0.06037554504896292,254,0,0,1,3443.768508846744,2.2887238355768176,0.1467049459941789,-1.2591567397893861,1,Parkinsoniansynth630
Parkinsonian,0.06320329874984207,0.06687368035228672,253,0,0,1,1666.69520746415,2.2908014081892385,-0.009098884760006478,-1.0061716682496789,1,Parkinsoniansynth631
Parkinsonian,0.05894109251823083,0.07218505642434205,255,0,0,1,1368.0313867834598,2.272475132390981,0.33109847573301787,-1.1291253557335632,1,Parkinsoniansynth632
Parkinsonian,0.060342559662224945,0.05619211434441658,253,0,0,1,1142.9656756996476,2.263089182599445,0.005996279983167766,-0.9577101017663775,1,Parkinsoniansynth633
Parkinsonian,0.0683807186825235,0.06979439055599937,253,0,0,1,1162.5867356591214,2.2564116915890957,0.048258605105680294,-1.045426010486371,1,Parkinsoniansynth634
Parkinsonian,0.04503488317905002,0.04647869972777899,255,0,0,1,1679.6552919668443,2.298292414887953,-0.11795106323669448,-1.2148414402046206,1,Parkinsoniansynth635
Parkinsonian,0.05986851908875324,0.06909055760155677,253,0,0,1,1556.8100367569675,2.2844821778643443,-0.04600400746300963,-1.1770056147161105,1,Parkinsoniansynth637
Parkinsonian,0.021285758946739952,0.06306986445554727,254,0,0,1,3426.8742283125603,2.26604728692685,-0.14119556243690304,-0.9764595859264872,1,Parkinsoniansynth638
Parkinsonian,0.05297002630122239,0.04046752440543849,255,0,0,1,1466.619580128546,2.2940163807856333,0.05883017211512349,-1.2043664517685189,1,Parkinsoniansynth639
Parkinsonian,0.0198223519133881,0.0202316724849254,255,0,0,1,3456.3582781408986,2.2913759674924754,-0.07356852588113828,-1.151496251356433,1,Parkinsoniansynth641
Parkinsonian,0.0198223519133881,0.0202316724849254,255,0,0,1,1523.6976202125302,2.24922126924967,-0.08187368220003073,-1.0996700645877588,1,Parkinsoniansynth643
Parkinsonian,0.06459738692398634,0.07147188005185144,254,0,0,1,1486.05980264611,2.2756906602821054,0.09910997508294227,-1.1054759668641865,1,Parkinsoniansynth644
Parkinsonian,0.04805671753477448,0.05350360880042351,253,0,0,1,1530.9408618273408,2.266054680780456,-0.04036276148287063,-1.036376325381891,1,Parkinsoniansynth646
Parkinsonian,0.03003294836776606,0.05689752741273504,255,0,0,1,2134.356179409507,2.2830945129070384,-0.08975390701384321,-1.00037794232723,1,Parkinsoniansynth647
Parkinsonian,0.0767551569537945,0.0837730870712401,254,0,0,1,917.76513630379,2.2668367232556976,-0.07616177783587492,-0.8359328582830594,1,Parkinsoniansynth649
Parkinsonian,0.053022462426877685,0.06225391741027187,254,0,0,1,1466.0503737209037,2.2907892878907687,-0.03138105898812346,-1.040875513137109,1,Parkinsoniansynth654
Parkinsonian,0.06785712181397872,0.06835762657351534,250,0,0,1,1335.0249744732737,2.24911900230357,0.06582255262707329,-0.8359328582830594,1,Parkinsoniansynth657
Parkinsonian,0.0587373382811926,0.05767611038034422,252,0,0,1,1720.241452924888,2.277577106566615,-0.05360150729185167,-1.2091756731795622,1,Parkinsoniansynth658
Parkinsonian,0.06850337496825042,0.052906933742717606,253,0,0,1,1359.824662382977,2.259165683774389,-0.0665476775901326,-1.0984460722226965,1,Parkinsoniansynth662
Parkinsonian,0.06464112473023723,0.053135483108443314,255,0,0,1,1227.3346318804702,2.269334558634507,0.041477198761758365,-1.1898893532169308,1,Parkinsoniansynth663
Parkinsonian,0.059460097361732515,0.06323280726397469,252,0,0,1,1453.1869744646715,2.286097357829689,0.0937540181707609,-1.1192105131560317,1,Parkinsoniansynth664
Parkinsonian,0.04884902775010734,0.027922714778913466,255,0,0,1,3344.516628159418,2.286349394427598,0.11503644707106046,-1.211900404245971,1,Parkinsoniansynth666
Parkinsonian,0.05833060558911275,0.06296830450565138,252,0,0,1,1354.0945682176591,2.2870145571582357,0.03095347673211244,-1.263287624774507,1,Parkinsoniansynth668
Parkinsonian,0.04968787200507538,0.04857547974121576,249,0,0,1,1572.5593296176753,2.2834417204025863,0.03978098098405579,-1.249671648931241,1,Parkinsoniansynth669
Parkinsonian,0.0319959203746078,0.025405637993006557,255,0,0,1,2649.366161368944,2.276435338914478,0.24618566598766314,-1.1711280731447085,1,Parkinsoniansynth670
Parkinsonian,0.048510389496165894,0.04943787867170743,254,0,0,1,1334.4736578886893,2.2862542635634107,0.10332503255905652,-1.2293954696393519,1,Parkinsoniansynth672
Parkinsonian,0.06027131887325262,0.058763445332930535,254,0,0,1,1527.8982392477592,2.259818590267826,0.11235676724414671,-1.111676301437398,1,Parkinsoniansynth673
Parkinsonian,0.05447801621483308,0.07131948593418967,252,0,0,1,1398.6122287716644,2.2841613013896165,0.028483153490820732,-1.153125538888228,1,Parkinsoniansynth675
Parkinsonian,0.0204652118528721,0.03321374478964268,255,0,0,1,2505.01752999173,2.270709791286475,0.3028932140182927,-0.9853238863717038,1,Parkinsoniansynth676
Parkinsonian,0.023011960765515753,0.03367939381347053,254,0,0,1,3519.630422222045,2.2598811489462163,-0.12959518205096154,-0.9472462858722989,1,Parkinsoniansynth677
Parkinsonian,0.05785052954564738,0.053505950826200736,255,0,0,1,1632.1124984016599,2.258961690317057,0.19967522834929047,-1.1150614982674811,1,Parkinsoniansynth678
Parkinsonian,0.07526528652998893,0.0837730870712401,253,0,0,1,1123.444784384769,2.2506352422450386,-0.15749900968929964,-0.9414518029941732,1,Parkinsoniansynth679
Parkinsonian,0.05690673650148978,0.07605147238784676,252,0,0,1,1385.7362485826563,2.280028084341037,0.08491970237319793,-1.0835994189917637,1,Parkinsoniansynth682
Parkinsonian,0.07274749448166506,0.08335711403950416,253,0,0,1,939.168450439088,2.2618901074858897,-0.11782567255129756,-0.8359328582830594,1,Parkinsoniansynth685
Parkinsonian,0.06270505722104251,0.03193929265110262,254,0,0,1,1532.2721902588175,2.264127348913176,0.032307275468874,-0.8736764777948309,1,Parkinsoniansynth686
Parkinsonian,0.058929482539385146,0.06157556471011078,254,0,0,1,1414.2868380552177,2.2840029151119094,-0.21128519987115685,-0.9731831098470958,1,Parkinsoniansynth687
Parkinsonian,0.07108819388753347,0.07572439750758933,253,0,0,1,917.76513630379,2.2646921961579296,0.11763934197399022,-0.9116404143463867,1,Parkinsoniansynth690
Parkinsonian,0.05011469576653846,0.04739005202643567,255,0,0,1,1766.4102084966817,2.2901260894176128,0.028585876776186545,-1.1658483183641795,1,Parkinsoniansynth692
Parkinsonian,0.07557264580866514,0.0837730870712401,253,0,0,1,1079.2474767545996,2.261955672845386,-0.05313817793405366,-0.8999104481634467,1,Parkinsoniansynth693
Parkinsonian,0.050983595381489735,0.04830762103022822,255,0,0,1,1958.7934012808278,2.2942014752819637,-0.002123371606134738,-1.2630136110952699,1,Parkinsoniansynth694
Parkinsonian,0.06630495195782599,0.08115635695548182,254,0,0,1,1354.532416998453,2.2807565030902426,-0.08014522148845092,-1.1922044322179348,1,Parkinsoniansynth695
Parkinsonian,0.04846176589812608,0.05020117308099672,253,0,0,1,1791.166359700891,2.2830904355692256,-0.014738937564855956,-1.1445947041954065,1,Parkinsoniansynth700
Parkinsonian,0.04099941235832004,0.020319768535820844,255,0,0,1,2951.290391947993,2.2686169224334787,-0.024355942020666516,-1.0795306498937283,1,Parkinsoniansynth701
Parkinsonian,0.03966685024114634,0.0424272772609222,248,0,0,1,1873.0218585869047,2.291869335690667,0.02560521614190324,-1.1307261233196735,1,Parkinsoniansynth702
Parkinsonian,0.0198223519133881,0.03963490280091214,255,0,0,1,3519.630422222045,2.2833100861361366,-0.08798613025510024,-1.24634116471994,1,Parkinsoniansynth703
Parkinsonian,0.0198223519133881,0.02486072427408742,255,0,0,1,3003.9122227236267,2.2555473804331454,0.16335551308683702,-1.0494569728704277,1,Parkinsoniansynth704
Parkinsonian,0.05339402226499304,0.07459534781541333,255,0,0,1,2354.321110568562,2.270719113247216,-0.05409347562357608,-1.0216614988524932,1,Parkinsoniansynth705
Parkinsonian,0.062418247495937176,0.06434397336845359,254,0,0,1,1315.570309619464,2.288728560725811,-0.024133822533637918,-1.0873244980306518,1,Parkinsoniansynth706
Parkinsonian,0.06264150365884685,0.06312626956062538,253,0,0,1,1342.5477019286686,2.282858427386305,0.020863408275759724,-1.2025531744483875,1,Parkinsoniansynth707
Parkinsonian,0.048508883508126516,0.0202316724849254,254,0,0,1,1332.994482548824,2.2815365877660687,0.09007659790147426,-1.0305991478145626,1,Parkinsoniansynth708
Parkinsonian,0.05353119360822324,0.07400730641651164,254,0,0,1,1329.9976888000065,2.2614670642616166,0.21059172532876463,-0.922500970402211,1,Parkinsoniansynth709
Parkinsonian,0.058167994796693094,0.08089702434827296,253,0,0,1,2478.2471644447483,2.2687035605880794,-0.07407519593365376,-1.116268933215886,1,Parkinsoniansynth710
Parkinsonian,0.057007425672864674,0.06299840830729116,253,0,0,1,1316.4951817498852,2.285285805249876,0.12600023108182423,-1.1477387539222321,1,Parkinsoniansynth711
Parkinsonian,0.0657571691195251,0.0837730870712401,254,0,0,1,1185.7459585160914,2.25993729170583,0.11160148166250106,-1.0140747429374706,1,Parkinsoniansynth712
Parkinsonian,0.06765312731240132,0.06991764284188723,253,0,0,1,1309.3633939122815,2.2827421610340206,-0.12015735683972234,-1.0374894054554211,1,Parkinsoniansynth714
Parkinsonian,0.0730777427969766,0.07544648494675972,253,0,0,1,921.8707811230267,2.2876050863458257,-0.1769614784245142,-0.8359328582830594,1,Parkinsoniansynth721
Parkinsonian,0.04494612499976078,0.0202316724849254,252,0,0,1,1435.5379846956673,2.285818530744661,0.19959892217726183,-1.1734774952275089,1,Parkinsoniansynth722
Parkinsonian,0.036425250775415065,0.04880807710899283,254,0,0,1,1029.6684579728749,2.2796016017715415,0.14146176010175845,-1.0050883630990448,1,Parkinsoniansynth723
Parkinsonian,0.04462120808026496,0.047193197744841237,252,0,0,1,1588.3054862230192,2.2843358302667918,-0.012981100377432836,-1.2040780098300687,1,Parkinsoniansynth724
Parkinsonian,0.04666095593049962,0.04557234836638091,252,0,0,1,1626.3103893122834,2.272577437072166,0.10335048821647905,-1.2225436572084396,1,Parkinsoniansynth726
Parkinsonian,0.0198223519133881,0.0202316724849254,255,0,0,1,3519.630422222045,2.2822048541704634,-0.05513313968281874,-1.1775551720225428,1,Parkinsoniansynth727
Parkinsonian,0.05703829149220069,0.06363078396995515,253,0,0,1,1347.9597654355725,2.258820684469077,0.10407615782004452,-0.9810793657815147,1,Parkinsoniansynth728
Parkinsonian,0.026341481766049526,0.023216702540087876,255,0,0,1,2926.0723030308905,2.2765822387458265,-0.010938200275485742,-1.1155005997262752,1,Parkinsoniansynth730
Parkinsonian,0.06921039275834781,0.06676739129361153,255,0,0,1,1213.631739659397,2.2783472575694703,-0.1136322736564634,-1.1597273429483461,1,Parkinsoniansynth733
Parkinsonian,0.057556005347271254,0.07462995499088868,255,0,0,1,2619.5037544044153,2.2899094743148503,-0.036108357938508306,-1.069752276511789,1,Parkinsoniansynth734
Parkinsonian,0.06353571861073605,0.06409159637980656,251,0,0,1,1341.7151578044334,2.255487435596178,-0.04375809040339634,-0.9985719524229029,1,Parkinsoniansynth735
Parkinsonian,0.05166124640481926,0.056460305248691105,252,0,0,1,1376.8927266832661,2.28522152711733,-0.07399112754638634,-1.1737171207451458,1,Parkinsoniansynth736
Parkinsonian,0.041976093353579734,0.06537256228245886,255,0,0,1,2049.0804214545838,2.277128553119184,-0.01872902692375798,-1.063412495163789,1,Parkinsoniansynth738
Parkinsonian,0.025583043771936674,0.049428330368109605,255,0,0,1,2580.8048998959216,2.2620966703646097,-0.006572174810607406,-1.0201796337591482,1,Parkinsoniansynth741
Parkinsonian,0.0198223519133881,0.06378180062251426,255,0,0,1,1363.3333959529473,2.290371757077849,0.12076021636028607,-1.1223117537902099,1,Parkinsoniansynth743
Parkinsonian,0.0767551569537945,0.06982361784764099,251,0,0,1,939.299311292663,2.24911900230357,-0.005478095912906775,-0.8359328582830594,1,Parkinsoniansynth744
Parkinsonian,0.05913222394992781,0.06946440969918244,253,0,0,1,1394.1181065102367,2.283036178935891,0.06376959974631337,-1.084527171739694,1,Parkinsoniansynth748
Parkinsonian,0.05903358792573357,0.07010181886202184,252,0,0,1,1300.893019067452,2.2812983218377076,-0.08529530007795988,-1.0099713319923445,1,Parkinsoniansynth749
Parkinsonian,0.06731970700978183,0.07837564185090733,251,0,0,1,1185.9815966337849,2.2871273366174565,-0.18196220455280734,-1.0634298940719533,1,Parkinsoniansynth750
Parkinsonian,0.0519953716485506,0.07110642710856732,253,0,0,1,1341.5424183654,2.2664401023174396,-0.06560803484922849,-0.9525360107032661,1,Parkinsoniansynth752
Parkinsonian,0.06889852492797872,0.07178964349581221,254,0,0,1,1273.3153136651295,2.2768210499450645,0.051683593370412055,-1.0970959526479376,1,Parkinsoniansynth753
Parkinsonian,0.05374785029871068,0.06986141126634889,255,0,0,1,1455.3999617370155,2.2860151290839914,-0.08271782308041832,-1.1034940632618278,1,Parkinsoniansynth755
Parkinsonian,0.060821524915663575,0.07787626099997193,250,0,0,1,1192.432059927102,2.254737635125573,0.10954555247705482,-1.0091397443109937,1,Parkinsoniansynth757
Parkinsonian,0.026391220581145344,0.03795862828383369,255,0,0,1,2068.8950473880204,2.2620520407227667,0.3747789648123926,-1.1066397874749077,1,Parkinsoniansynth759
Parkinsonian,0.05892035124841941,0.06225728500691102,255,0,0,1,1145.7284293845544,2.2893416261137722,-0.06366101682471491,-1.0735473974181549,1,Parkinsoniansynth760
Parkinsonian,0.05890527700169236,0.052782161688805604,251,0,0,1,1778.8553842949727,2.2859562073437134,-0.08058756746764471,-0.9629935619825046,1,Parkinsoniansynth763
Parkinsonian,0.05110329170717215,0.023637267836812418,255,0,0,1,1200.1788560696211,2.264974784620279,0.3856576004404514,-0.9444953236282522,1,Parkinsoniansynth766
Parkinsonian,0.0198223519133881,0.020824517597202327,255,0,0,1,3451.7957276256675,2.2884990354687367,0.04037660831228221,-1.0259401768103351,1,Parkinsoniansynth767
Parkinsonian,0.03800567032283879,0.07208827886138659,255,0,0,1,1791.2020561995844,2.284975153383965,0.0932116454800808,-1.123305981970858,1,Parkinsoniansynth768
Parkinsonian,0.06217646345878306,0.07709157865518146,255,0,0,1,1624.2149629981764,2.282662312214965,-0.0032597586110824778,-0.8359328582830594,1,Parkinsoniansynth769
Parkinsonian,0.05171723844565437,0.03427850719436565,255,0,0,1,1189.4516357554216,2.2623166342125796,0.062320423191433764,-1.0580862703389704,1,Parkinsoniansynth772
Parkinsonian,0.05451767868864779,0.03466096737828443,254,0,0,1,1292.2986132534024,2.2582759018928567,-0.06376427403170887,-1.179576161027219,1,Parkinsoniansynth773
Parkinsonian,0.05406235558971189,0.0202316724849254,255,0,0,1,1442.2480030464367,2.28266562577127,0.3731859984014309,-1.2344433969306514,1,Parkinsoniansynth774
Parkinsonian,0.055457660443666915,0.04746584095397928,255,0,0,1,1341.593681776069,2.267737530328681,0.05739652782578982,-0.8359328582830594,1,Parkinsoniansynth776
Parkinsonian,0.05186597061704864,0.0202316724849254,253,0,0,1,1349.9791727322863,2.2910600336187352,0.14739260469233892,-1.2332398293708255,1,Parkinsoniansynth779
Parkinsonian,0.06733190501750999,0.06355743557783801,252,0,0,1,1274.7695283924706,2.2855759013546932,-0.07901628465435341,-1.2762601470052881,1,Parkinsoniansynth780
Parkinsonian,0.050462417506233204,0.05027887772208716,253,0,0,1,1594.1534846636487,2.2669634442451416,0.09907687164187742,-1.2201965980452627,1,Parkinsoniansynth781
Parkinsonian,0.06438126897099654,0.06806822547092398,255,0,0,1,1308.795450386093,2.276915962707471,0.06514910222529435,-1.0765557425872356,1,Parkinsoniansynth785
Parkinsonian,0.04716206255200502,0.061142572201581015,253,0,0,1,1464.242777380427,2.25030154922671,0.04230197824169113,-1.109433852465834,1,Parkinsoniansynth786
Parkinsonian,0.04740997196204517,0.058256563546139936,255,0,0,1,1549.5777121837286,2.2798416190330344,-0.09910344639626745,-1.2069708779271813,1,Parkinsoniansynth789
Parkinsonian,0.0198223519133881,0.0202316724849254,255,0,0,1,3519.630422222045,2.250019304325567,0.042308469270614046,-0.9738635129201321,1,Parkinsoniansynth790
Parkinsonian,0.047827777629340866,0.06870682718479318,255,0,0,1,1168.6924981529924,2.274884684430924,0.005740055911910584,-1.056861249508892,1,Parkinsoniansynth791
Parkinsonian,0.05230897086977417,0.059220693097261,254,0,0,1,1575.0498036670701,2.283211706257128,0.18620745584796292,-1.0336009407242095,1,Parkinsoniansynth792
Parkinsonian,0.06177030914600332,0.05827902347161171,252,0,0,1,1632.4295826401933,2.258665486419977,-0.020604573605882255,-1.0504386554778222,1,Parkinsoniansynth793
Parkinsonian,0.05093871495635306,0.0674170643064694,255,0,0,1,1548.0941676331465,2.265936745588052,-0.18729277022521926,-1.1053410504352952,1,Parkinsoniansynth794
Parkinsonian,0.05657834639707814,0.07466696566844361,252,0,0,1,1393.3047390313936,2.294219712742892,0.08068038082519584,-1.0463831929908989,1,Parkinsoniansynth795
Parkinsonian,0.06526672479426034,0.07317707477401553,251,0,0,1,1266.2311547132526,2.2626182865045537,-0.07520826931208242,-0.9104679305227301,1,Parkinsoniansynth796
Parkinsonian,0.05763949033916406,0.05921374276749076,253,0,0,1,1414.112368887558,2.28994873511211,0.06419736804711455,-1.2634533011389122,1,Parkinsoniansynth797
Parkinsonian,0.04999941733603209,0.062387570605081294,250,0,0,1,1659.8875941134543,2.2844088271464114,-0.03544663488792137,-1.1655151575369525,1,Parkinsoniansynth798
Parkinsonian,0.0198223519133881,0.0202316724849254,255,0,0,1,3519.630422222045,2.256631391693109,0.10954000974617253,-1.1150275036939605,1,Parkinsoniansynth799
Parkinsonian,0.02934178842688506,0.04805090705342984,253,0,0,1,2856.8835535295157,2.28007112223348,-2.80197715139467e-05,-1.1037227139841168,1,Parkinsoniansynth800
Parkinsonian,0.04801557334706971,0.052742156697577855,255,0,0,1,1367.3890529559046,2.2887761290845465,0.05936914712271541,-1.1914733550860235,1,Parkinsoniansynth802
Parkinsonian,0.05928675615683689,0.0837730870712401,252,0,0,1,1415.8373452489482,2.279304224511647,-0.08319410813845955,-0.9545178032912354,1,Parkinsoniansynth803
Parkinsonian,0.07242754435035437,0.06358211536636776,252,0,0,1,1157.6054404175622,2.268905900787241,0.24963843988401513,-0.8359328582830594,1,Parkinsoniansynth804
Parkinsonian,0.0198223519133881,0.043770973736812935,255,0,0,1,2471.1177113619065,2.2585637673165286,0.07079470323090092,-1.086164820628378,1,Parkinsoniansynth805
Parkinsonian,0.06332460782028179,0.05439899044214712,255,0,0,1,1287.3750787530723,2.289558464987866,-0.06361227894841676,-1.1233322779513824,1,Parkinsoniansynth808
Parkinsonian,0.0681873597260834,0.07547674941331112,255,0,0,1,1246.9329839146574,2.285216078317128,-0.1557889996072519,-0.9326214771097512,1,Parkinsoniansynth809
Parkinsonian,0.06607221884501818,0.0837730870712401,253,0,0,1,1205.2577044145658,2.282140104966165,0.022525763826970437,-1.0119333502621233,1,Parkinsoniansynth810
Parkinsonian,0.06280893670918503,0.07423859813667523,251,0,0,1,1606.1576023938085,2.2875465117273506,0.029387851330820346,-1.1535847825167418,1,Parkinsoniansynth811
Parkinsonian,0.06392873665614611,0.07078994925134063,255,0,0,1,1109.9163912574563,2.2553841826134025,0.1871451190244452,-0.8564088966170251,1,Parkinsoniansynth812
Parkinsonian,0.052741035865926926,0.020790591168337653,255,0,0,1,3284.7071299015347,2.278600836433052,0.041596031379480335,-1.1603239270301304,1,Parkinsoniansynth814
Parkinsonian,0.0198223519133881,0.0202316724849254,255,0,0,1,3519.630422222045,2.2611209704188844,0.17247451763186034,-1.1733585693978523,1,Parkinsoniansynth815
Parkinsonian,0.057420163987642346,0.07090977897437847,254,0,0,1,1321.4548493983966,2.276906531295114,-0.011860531012083432,-1.0347168847646093,1,Parkinsoniansynth816
Parkinsonian,0.03195546335590801,0.0202316724849254,255,0,0,1,2887.213279927451,2.26826466357576,0.0653293412234004,-1.197836026155414,1,Parkinsoniansynth817
Parkinsonian,0.0412248257286451,0.049142071074184494,254,0,0,1,2082.5824072540518,2.270092286866714,0.02782826625501834,-1.0958993633507412,1,Parkinsoniansynth820
Parkinsonian,0.02990810412333785,0.03825902687253237,255,0,0,1,1878.5407060672019,2.274912987974819,0.1012262399068953,-0.8891240482450884,1,Parkinsoniansynth823
Parkinsonian,0.0198223519133881,0.0202316724849254,255,0,0,1,3264.97947312095,2.260614000397291,-0.02839479217674467,-1.0290004042146064,1,Parkinsoniansynth824
Parkinsonian,0.053034301276274086,0.06620880963948989,252,0,0,1,1631.5402986288425,2.2875216350766454,0.13037844236406404,-1.0847999649043731,1,Parkinsoniansynth825
Parkinsonian,0.04755170128905632,0.038551253947311945,255,0,0,1,1642.1507532829437,2.259221597493198,-0.07650375733527359,-1.187900522868356,1,Parkinsoniansynth828
Parkinsonian,0.05799139243414509,0.06786307453222741,252,0,0,1,1294.9625786351135,2.2538818887075833,0.2685621037649351,-1.0096541537331891,1,Parkinsoniansynth829
Parkinsonian,0.0198223519133881,0.0202316724849254,255,0,0,1,1753.2923893612663,2.2676138507234946,0.0390081143994652,-1.2141509537834747,1,Parkinsoniansynth830
Parkinsonian,0.061869065643048324,0.0837730870712401,251,0,0,1,917.76513630379,2.25454787690127,0.2737012450231693,-0.8491081488692307,1,Parkinsoniansynth832
Parkinsonian,0.06763600165236142,0.07530984315589001,252,0,0,1,1331.608479131187,2.290029186893736,-0.11668463349362884,-1.0180790917105231,1,Parkinsoniansynth833
Parkinsonian,0.05027822823354603,0.06907577271324121,254,0,0,1,1189.9319855845706,2.288216046952954,0.1284640582766402,-1.2010720403301778,1,Parkinsoniansynth834
Parkinsonian,0.05323968881678791,0.05377809889009519,254,0,0,1,1356.3187658073625,2.2727600126983027,0.03607088363249733,-0.9626779536559145,1,Parkinsoniansynth836
Parkinsonian,0.056940659872858373,0.06527275492373837,252,0,0,1,1566.8366451549155,2.273047903467456,0.09175560884125174,-1.08518985514199,1,Parkinsoniansynth839
Parkinsonian,0.07229726152322409,0.07445229447609272,254,0,0,1,1169.7557246326287,2.278601817838196,-0.17348062163388211,-1.0853702147569342,1,Parkinsoniansynth840
Parkinsonian,0.07477715815672552,0.07155912422509907,252,0,0,1,917.76513630379,2.256585179587526,-0.01817254762104764,-0.8359328582830594,1,Parkinsoniansynth842
Parkinsonian,0.06612373651612578,0.07866557054619328,251,0,0,1,1214.704015791915,2.2573834006723192,-0.20656744678363764,-0.9494295703709594,1,Parkinsoniansynth844
Parkinsonian,0.04180663731002311,0.027543586835343158,255,0,0,1,2979.2705414338934,2.269951001311327,0.16021216006068162,-1.096794721656238,1,Parkinsoniansynth846
Parkinsonian,0.0469422259479568,0.036776203149206675,254,0,0,1,1609.9546978858602,2.2618301071238784,0.09174850606565313,-1.0526064053668356,1,Parkinsoniansynth848
Parkinsonian,0.04345082551233586,0.0485465463348573,254,0,0,1,1726.5955541736319,2.2859736868851126,0.020876065993550116,-1.0853589951385774,1,Parkinsoniansynth849
Parkinsonian,0.05188019824089434,0.06672979220225891,252,0,0,1,1195.869341938804,2.2808665998991713,0.04656365978030207,-1.123035249180019,1,Parkinsoniansynth851
Parkinsonian,0.058787430960657014,0.07655615232205878,253,0,0,1,1323.9996812172833,2.289609043491646,-0.05844982847794864,-1.0708190752239009,1,Parkinsoniansynth854
Parkinsonian,0.0359360352325739,0.04170967008401633,255,0,0,1,1972.4139776593815,2.2822941568843227,0.36870373211295737,-0.8359328582830594,1,Parkinsoniansynth855
Parkinsonian,0.061526977673330326,0.0636013303639323,253,0,0,1,1377.3316767445694,2.2620925351369947,0.077260143593093,-1.0465000254530172,1,Parkinsoniansynth856
Parkinsonian,0.0198223519133881,0.05293070082831918,254,0,0,1,3519.630422222045,2.272646473983181,0.08440745580589964,-1.090113100174442,1,Parkinsoniansynth858
Parkinsonian,0.05309149463980509,0.060332434822379606,253,0,0,1,1244.7029926318394,2.2875249256304238,0.12090655403157897,-1.112988722013773,1,Parkinsoniansynth859
Parkinsonian,0.0198223519133881,0.022647860123425373,255,0,0,1,3519.630422222045,2.2782251715924837,-0.013812308489494338,-1.0092198090650837,1,Parkinsoniansynth860
Parkinsonian,0.02046878666008621,0.0202316724849254,253,0,0,1,3284.4328537917586,2.271639129903063,-0.026181600737733034,-1.1433929762917534,1,Parkinsoniansynth861
Parkinsonian,0.05759093039884236,0.0652246712676461,252,0,0,1,1217.2077171778633,2.2647178126367504,0.1490465718342956,-1.09574186980508,1,Parkinsoniansynth862
Parkinsonian,0.06682242530066197,0.060779921478628665,253,0,0,1,1288.4241120312522,2.2843478279868332,0.33996036923981526,-1.0467087542405153,1,Parkinsoniansynth863
Parkinsonian,0.0611558096287904,0.05578420443021808,254,0,0,1,1395.5146139892543,2.285275975457626,0.0742414046390572,-1.1652447294581691,1,Parkinsoniansynth865
Parkinsonian,0.06470741247811918,0.0837730870712401,252,0,0,1,1283.224702367918,2.2582915335807296,0.04888107515879937,-0.9532894017550931,1,Parkinsoniansynth866
Parkinsonian,0.06116043986084913,0.06993371762358562,255,0,0,1,1417.1337199946913,2.2792707427839805,0.14148287966838272,-1.0461782603980758,1,Parkinsoniansynth867
Parkinsonian,0.04913281534362246,0.07157694716682315,252,0,0,1,1424.3737295906155,2.2883538064884292,0.0884039023377226,-1.1220399287865233,1,Parkinsoniansynth868
Parkinsonian,0.049207477673019445,0.0202316724849254,254,0,0,1,1312.219588854324,2.2834707009363244,0.07711122799717128,-1.1811125645154035,1,Parkinsoniansynth870
Parkinsonian,0.06827363649284329,0.06679497384254376,255,0,0,1,917.76513630379,2.2587932842482337,0.4085694355757747,-0.8453823036904442,1,Parkinsoniansynth871
Parkinsonian,0.05714784072807699,0.07170731902381162,252,0,0,1,1267.9337388697197,2.2910723643316304,-0.10892136987526595,-0.9760190753434119,1,Parkinsoniansynth873
Parkinsonian,0.06404170656551317,0.06656910849400535,252,0,0,1,1230.3268589063057,2.2865334655103777,-0.19266298631995538,-1.2459951414901569,1,Parkinsoniansynth874
Parkinsonian,0.05738124509542208,0.045729285394625147,251,0,0,1,1473.1624073393698,2.2908526385785315,0.06936823722123449,-1.0642485437250253,1,Parkinsoniansynth875
Parkinsonian,0.06353940729065093,0.07388641207402397,255,0,0,1,1216.7892006581856,2.2893234177162256,-0.034343676846579005,-1.196973534993641,1,Parkinsoniansynth879
Parkinsonian,0.05375568639042347,0.06976594629139136,254,0,0,1,1333.6015065700462,2.2807186420344117,0.07334973394746948,-1.1354480920111778,1,Parkinsoniansynth881
Parkinsonian,0.06473816212831202,0.048807500860699765,254,0,0,1,1271.7483560937894,2.24911900230357,0.41862168092355384,-0.9272877394230382,1,Parkinsoniansynth882
Parkinsonian,0.044501587053984513,0.0650442409626737,250,0,0,1,1689.4658339170214,2.2847021060143833,-0.10880560056547109,-1.0311699129172835,1,Parkinsoniansynth884
Parkinsonian,0.0767551569537945,0.0759541963591259,254,0,0,1,1421.0096846774131,2.268751677549686,-0.25866351025943063,-1.0842339135358035,1,Parkinsoniansynth885
Parkinsonian,0.0288286221293651,0.030976822651523843,254,0,0,1,2462.879246625384,2.279216622352717,-0.07199167194621194,-0.8860289766677416,1,Parkinsoniansynth887
Parkinsonian,0.06248582053525603,0.08265203064320506,254,0,0,1,1267.524807680128,2.2782412055847137,-0.006077158676255681,-1.1182558830839238,1,Parkinsoniansynth888
Parkinsonian,0.022344727535559446,0.03486191187507906,255,0,0,1,3519.630422222045,2.260389695879045,0.1406448600107016,-0.9923599950631918,1,Parkinsoniansynth889
Parkinsonian,0.060864552486313395,0.06581420384130389,252,0,0,1,1456.8875163851046,2.2737153479233645,0.0119421023531309,-0.8818095093379832,1,Parkinsoniansynth890
Parkinsonian,0.046204468167787206,0.06182375712110019,252,0,0,1,1533.7296631903832,2.282022031294723,0.027976736916249936,-1.1331768789555439,1,Parkinsoniansynth892
Parkinsonian,0.0576010831856427,0.04343235299276518,254,0,0,1,1422.9478107397324,2.294692798130793,-0.0330763356615421,-1.1837860423252267,1,Parkinsoniansynth893
Parkinsonian,0.0428131323078989,0.0660499159727737,254,0,0,1,1317.2491728521327,2.264981129744626,-0.09584711771085636,-1.2005685557065517,1,Parkinsoniansynth895
Parkinsonian,0.05761619062355351,0.04502106531610167,255,0,0,1,1624.155039710079,2.288219688048969,0.11584572125118608,-1.2893361362165687,1,Parkinsoniansynth898
Parkinsonian,0.061141636095427936,0.07637269815050388,253,0,0,1,1135.6394563636118,2.24911900230357,0.07256205538598301,-0.9329721645061921,1,Parkinsoniansynth899
Parkinsonian,0.05630636991107449,0.05756826362961016,254,0,0,1,1219.638009838551,2.289009042975959,0.15214889720507618,-1.1373962342437869,1,Parkinsoniansynth900
Parkinsonian,0.061870478683388394,0.059795162781562355,253,0,0,1,1412.596480207232,2.291536403948176,-0.10959831778197655,-1.0712926706142296,1,Parkinsoniansynth901
Parkinsonian,0.06580594232558726,0.062232536398281225,252,0,0,1,1450.473610816524,2.2868570151925827,-0.023722791866906803,-0.9599854258690347,1,Parkinsoniansynth902
Parkinsonian,0.05613651179891072,0.03748166540000485,255,0,0,1,3046.700802860306,2.2704146772418894,0.07564960272801695,-1.0108676028728696,1,Parkinsoniansynth903
Parkinsonian,0.062322792128389926,0.07621733777418374,254,0,0,1,1375.840896062814,2.2569776014443694,0.41775568261816265,-1.1946073728206659,1,Parkinsoniansynth904
Parkinsonian,0.04091434534138123,0.047533656412468026,255,0,0,1,3519.630422222045,2.265834349773136,0.05637120414643836,-1.0400294505540493,1,Parkinsoniansynth905
Parkinsonian,0.027886819207955285,0.06763028279642117,255,0,0,1,2041.1949818783469,2.2736487263734313,-0.25325985474719914,-1.112397348910475,1,Parkinsoniansynth906
Parkinsonian,0.04979036836209752,0.05395537003547904,255,0,0,1,1459.4001956012926,2.2590493227169683,0.04923816220260204,-0.945653744813084,1,Parkinsoniansynth907
Parkinsonian,0.053676712674872964,0.06960068613461261,251,0,0,1,1330.8054391497296,2.2871886596834057,0.02315396576766126,-1.2341111942307537,1,Parkinsoniansynth908
Parkinsonian,0.06126829311857285,0.0837730870712401,255,0,0,1,1249.0257430770403,2.2719230895737135,0.02565312899707701,-0.8359328582830594,1,Parkinsoniansynth909
Parkinsonian,0.06063418248051895,0.053916835614189515,254,0,0,1,1351.6965616253078,2.2635378506312955,0.09516089626776661,-0.931951274843148,1,Parkinsoniansynth910
Parkinsonian,0.06882712326084331,0.044892086460245215,252,0,0,1,1420.7562505555609,2.290994788933899,-0.07420151963361299,-1.0724114392002517,1,Parkinsoniansynth911
Parkinsonian,0.044863577079969914,0.04415555230238399,254,0,0,1,1992.724556246476,2.273650456412326,0.14656217858670248,-0.9969724821662873,1,Parkinsoniansynth912
Parkinsonian,0.04603259710691841,0.04101644136731351,255,0,0,1,2302.683200369469,2.285756456529503,-0.004972486962212889,-1.1247291204368295,1,Parkinsoniansynth913
Parkinsonian,0.05493413540678849,0.06177525604355943,254,0,0,1,1639.8189131565568,2.2613489673525233,0.35312576515017563,-1.005172929296667,1,Parkinsoniansynth914
Parkinsonian,0.07405672221135358,0.0675094602099705,254,0,0,1,986.2630355624771,2.2643950587460555,-0.17725298444181742,-0.937185134426249,1,Parkinsoniansynth917
Parkinsonian,0.03163730369922924,0.03782689620691119,254,0,0,1,1205.8710937174278,2.2542025708200923,0.035684715376935246,-0.9276344549596726,1,Parkinsoniansynth918
Parkinsonian,0.058726525386148025,0.0793626893082624,252,0,0,1,1196.6770653550363,2.281910828429275,-0.023721769865406472,-1.169047023058051,1,Parkinsoniansynth919
Parkinsonian,0.04852117910784276,0.06782189242752365,253,0,0,1,1571.6676994000218,2.28165777880387,0.08154077665292908,-1.2407153590855677,1,Parkinsoniansynth920
Parkinsonian,0.06660325202489821,0.06931907342084552,253,0,0,1,1447.951055987072,2.2816604776672973,-0.22966922954192653,-0.9267435014249024,1,Parkinsoniansynth921
Parkinsonian,0.0476703701742145,0.04684365379093201,255,0,0,1,3467.0899507551767,2.2890136050582273,0.10558784635059879,-1.2121581664780121,1,Parkinsoniansynth923
Parkinsonian,0.048652384352647154,0.058990999449794676,252,0,0,1,1283.9014863278014,2.256608321037533,0.3685436161688037,-0.9467283331239954,1,Parkinsoniansynth925
Parkinsonian,0.050903468891541986,0.0678129106300277,255,0,0,1,1284.7899921670123,2.2793794814696944,0.06427299615813913,-1.0122952258302904,1,Parkinsoniansynth926
Parkinsonian,0.045152890222096155,0.0202316724849254,254,0,0,1,1632.6775862227369,2.282584469586824,0.04775122552368775,-1.1324917119494682,1,Parkinsoniansynth928
Parkinsonian,0.06289439880577032,0.07684718566008215,254,0,0,1,1165.6852601949959,2.2539147997889946,0.12930525104157714,-0.8359328582830594,1,Parkinsoniansynth929
Parkinsonian,0.0692511703568588,0.07249477663534017,255,0,0,1,1200.0331398996095,2.2764735168932977,-0.15031637842286774,-0.968802536386266,1,Parkinsoniansynth932
Parkinsonian,0.05785036086507915,0.0676412311667408,253,0,0,1,1579.1373259821585,2.2855582611072727,-0.07635748977490155,-1.199470367562173,1,Parkinsoniansynth934
Parkinsonian,0.06770421993820043,0.07712173169066437,251,0,0,1,1204.8256972086479,2.2837909948071835,0.18533150078894495,-1.09175902243727,1,Parkinsoniansynth939
Parkinsonian,0.06927108110398994,0.07943596394317813,252,0,0,1,1324.1989531372853,2.260040618259288,-0.03366111736962515,-0.9927828795282032,1,Parkinsoniansynth941
Parkinsonian,0.044615283206267925,0.0202316724849254,255,0,0,1,2539.8652900466604,2.2813838872822605,-0.13873612526436288,-1.0691050830265183,1,Parkinsoniansynth942
Parkinsonian,0.05309576639469441,0.03436068393823677,255,0,0,1,2091.245485386168,2.287756860052488,0.07776109151583616,-1.224183200438255,1,Parkinsoniansynth943
Parkinsonian,0.0198223519133881,0.0202316724849254,255,0,0,1,3519.630422222045,2.2719472641799396,0.22443400087344337,-1.0815581751760688,1,Parkinsoniansynth944
Parkinsonian,0.047914595858247803,0.05437014279997634,253,0,0,1,1438.8569688309099,2.285501168422444,-0.01528504231378529,-1.2818991526906516,1,Parkinsoniansynth945
Parkinsonian,0.04770020458989987,0.02722840477597449,255,0,0,1,3519.630422222045,2.259496518641103,0.05008324688384747,-1.0881154088772782,1,Parkinsoniansynth946
Parkinsonian,0.05166627164911908,0.050486263532574564,252,0,0,1,1632.2289341195544,2.24911900230357,0.1451758549614654,-0.9156573820902204,1,Parkinsoniansynth947
Parkinsonian,0.06620573756486992,0.06432883698990882,253,0,0,1,1214.548250437255,2.271253725370624,0.02809461225024468,-1.045277682031865,1,Parkinsoniansynth948
Parkinsonian,0.05015013206141766,0.07265213676691033,255,0,0,1,1452.7232036953653,2.290143656171426,0.028841110190455453,-1.1108771784854674,1,Parkinsoniansynth949
Parkinsonian,0.02136188963803984,0.02915065393297129,255,0,0,1,1641.518178419889,2.252492553562144,0.05076125724066661,-0.9604841923404299,1,Parkinsoniansynth950
Parkinsonian,0.0198223519133881,0.053900386042990925,255,0,0,1,3519.630422222045,2.297228171153373,0.08676191535731072,-1.1565819250668874,1,Parkinsoniansynth952
Parkinsonian,0.045879643390980634,0.06770653116160466,255,0,0,1,1691.8715093671917,2.2927715002760687,0.034468355617664224,-1.1868440768040915,1,Parkinsoniansynth954
Parkinsonian,0.056440773894290155,0.06336328532561558,253,0,0,1,1282.6503025660395,2.287986623339766,0.12901756781744267,-1.0795936327513234,1,Parkinsoniansynth955
Parkinsonian,0.0650402710075687,0.0837730870712401,250,0,0,1,1357.2762334467743,2.2811702494723427,-0.151739737979425,-1.1386238421733632,1,Parkinsoniansynth957
Parkinsonian,0.052341883643905816,0.06189033214355435,255,0,0,1,1406.292870275757,2.2912473657949715,-0.10073658861435456,-1.0916288451153406,1,Parkinsoniansynth958
Parkinsonian,0.0535972168174167,0.051494252317518086,255,0,0,1,2317.244639112282,2.2727100643862865,0.022932622893909956,-1.1384681125956113,1,Parkinsoniansynth959
Parkinsonian,0.06647029309665321,0.0772031161871679,255,0,0,1,1305.0269447944397,2.2823706471965983,-0.07003694711355074,-1.123651189228397,1,Parkinsoniansynth960
Parkinsonian,0.0699852349985963,0.07937161678843949,253,0,0,1,1188.5020616693387,2.2612709088582386,-0.2216254076248555,-1.1112204534433794,1,Parkinsoniansynth962
Parkinsonian,0.06368354520774348,0.07056842035454221,253,0,0,1,1219.3944228641972,2.24911900230357,0.0263195089002711,-0.8359328582830594,1,Parkinsoniansynth963
Parkinsonian,0.0198223519133881,0.036252861115950524,255,0,0,1,3519.630422222045,2.2803047445672715,0.018854333996557122,-1.2482422015548715,1,Parkinsoniansynth964
Parkinsonian,0.0198223519133881,0.04052714419431968,255,0,0,1,1424.6426378826811,2.272167565038896,0.35490478372478035,-1.1679814759283655,1,Parkinsoniansynth965
Parkinsonian,0.060773657531683664,0.07192635904388334,253,0,0,1,1183.2780487466991,2.2922953222771714,0.16755043086022536,-0.9608240803836542,1,Parkinsoniansynth966
Parkinsonian,0.02297700568360438,0.04145594609194167,255,0,0,1,2956.7431974079836,2.280430842615951,0.043424723742161296,-1.1055748095387914,1,Parkinsoniansynth968
Parkinsonian,0.07508046117551144,0.0837730870712401,255,0,0,1,985.338510574825,2.256647137207321,-0.2766947369755575,-1.081201217068243,1,Parkinsoniansynth969
Parkinsonian,0.050503792546051904,0.0202316724849254,255,0,0,1,3141.4028210977417,2.28357101071292,0.02679065159192411,-1.210871416497693,1,Parkinsoniansynth970
Parkinsonian,0.06316903739809852,0.054969029548512495,255,0,0,1,1432.3058101936233,2.2787577926818043,0.07803538161771151,-1.1822030752959332,1,Parkinsoniansynth971
Parkinsonian,0.019901931113305397,0.0202316724849254,255,0,0,1,2261.176406511852,2.2582679618116357,0.19904055880347626,-1.0723083520651302,1,Parkinsoniansynth972
Parkinsonian,0.06532230343147083,0.047962055728102915,254,0,0,1,1302.388394901985,2.290704673943452,-0.08954076981440724,-1.0892421178015033,1,Parkinsoniansynth973
Parkinsonian,0.0235235392679533,0.058589752269457035,255,0,0,1,1229.9836484266793,2.284999373313612,0.0707854054441644,-1.105106726155996,1,Parkinsoniansynth975
Parkinsonian,0.04609929769121356,0.06980647415828338,252,0,0,1,1289.8210612943328,2.250645138195917,-0.06480527966098755,-0.8779187614695207,1,Parkinsoniansynth976
Parkinsonian,0.06661278681167251,0.08011360279941704,252,0,0,1,1612.5170013044783,2.272161653834089,-0.024928807568776044,-0.9521186239009638,1,Parkinsoniansynth978
Parkinsonian,0.0198223519133881,0.0202316724849254,255,0,0,1,3519.630422222045,2.2866498141755023,0.12017061587468035,-1.2137831454532406,1,Parkinsoniansynth979
Parkinsonian,0.05405713565682672,0.06517536082631911,252,0,0,1,1635.6016056796307,2.2818016481079004,0.05715516828413096,-1.117516593025884,1,Parkinsoniansynth980
Parkinsonian,0.05698385151074958,0.0643595262750699,253,0,0,1,1313.387230492259,2.278005798965033,0.10315589265903853,-0.9200364914399614,1,Parkinsoniansynth981
Parkinsonian,0.06542148512863394,0.0837730870712401,253,0,0,1,2309.8703087990307,2.2603055074199574,-0.03915575341178558,-1.018225426030646,1,Parkinsoniansynth982
Parkinsonian,0.04703488681598757,0.059508315307659404,253,0,0,1,1598.8860387172017,2.2835419973965787,-0.04887088076929951,-1.1458465272700382,1,Parkinsoniansynth984
Parkinsonian,0.05298392300401207,0.06656668201072519,254,0,0,1,1438.7341042314683,2.2616844149622266,-0.08858539383030546,-1.0348446349475175,1,Parkinsoniansynth986
Parkinsonian,0.035660923876169426,0.028927784728991456,255,0,0,1,1381.5918831046688,2.275229411490007,0.14201147286653856,-0.9971183882031937,1,Parkinsoniansynth987
Parkinsonian,0.05171998885538945,0.04952269771785091,255,0,0,1,1806.8305442228936,2.258050522965019,-0.04169018951101301,-1.137525505284044,1,Parkinsoniansynth989
Parkinsonian,0.059664200849286454,0.06671014677154644,255,0,0,1,1666.6256592058926,2.266020897955862,0.10832457760831607,-0.8359328582830594,1,Parkinsoniansynth991
Parkinsonian,0.05672982600586267,0.06442983418379318,254,0,0,1,1159.1566897785926,2.2628256420032695,0.3147258350684406,-0.9163862020263575,1,Parkinsoniansynth992
Parkinsonian,0.030788978357222503,0.02720209633944331,255,0,0,1,1903.8712013850018,2.2858706700494396,0.12321348377178992,-0.9911708515127233,1,Parkinsoniansynth993
Parkinsonian,0.02620752629978271,0.04726559906138685,255,0,0,1,1390.5280637243948,2.2884095534830373,-0.107110199849654,-1.1719447976132669,1,Parkinsoniansynth997
Parkinsonian,0.050450337896906824,0.043186965000238574,250,0,0,1,1355.647852553544,2.2628225326008335,0.11755067112085689,-1.1486112865133569,1,Parkinsoniansynth998
Parkinsonian,0.05104201087413032,0.03644204024882305,255,0,0,1,2594.0476305756642,2.2559836393118355,0.14918963571941488,-1.1135125085551885,1,Parkinsoniansynth1000
